Workbook

Sheet Control
A1: GTA 2.0 | NEXA Advertising Dataset Workbench
A2: Workbook structure, source notes and analytical scope.
A4: Purpose | B4: Prepare, validate and structure the NEXA advertising dataset for the case analysis.
A5: Source file | B5: Advertising Data - advertising_data.csv
A6: Source observations | B6: 200
A7: Source columns | B7: 5
A8: Source data | B8: The source sheet is retained without edits. Analysis sheets use linked source values.
A9: Cleaning approach | B9: No records are removed automatically. Missing values, negative values, duplicate IDs and statistical outliers are flagged for review.
A10: Calculated fields | B10: Calculated fields are shown as Excel formulas so the calculations can be traced directly in the workbook.
A11: Scope | B11: The supplied data covers advertising expenditure and sales only. Customer purchase factors and market/macroeconomic variables require separate research.
A12: Units | B12: The workbook is the analytical base for the next stage of statistical analysis and business research.
A13: Use of workbook | B13: Use this validated workbook as the analytical base for deeper statistical analysis, external research, and the final 8-slide case deck.

Sheet Raw_Data
A1: Raw Data | Untouched Source Copy
A2: Original dataset supplied for the GTA 2.0 case.
A4: market_number | B4: tv_ads | C4: social_media_ads | D4: print_ads | E4: sales
A5: 1 | B5: 230.1 | C5: 37.8 | D5: 69.2 | E5: 22.1
A6: 2 | B6: 44.5 | C6: 39.3 | D6: 45.1 | E6: 10.4
A7: 3 | B7: 17.2 | C7: 45.9 | D7: 69.3 | E7: 9.3
A8: 4 | B8: 151.5 | C8: 41.3 | D8: 58.5 | E8: 18.5
A9: 5 | B9: 180.8 | C9: 10.8 | D9: 58.4 | E9: 12.9
A10: 6 | B10: 8.7 | C10: 48.9 | D10: 75 | E10: 7.2
A11: 7 | B11: 57.5 | C11: 32.8 | D11: 23.5 | E11: 11.8
A12: 8 | B12: 120.2 | C12: 19.6 | D12: 11.6 | E12: 13.2
A13: 9 | B13: 8.6 | C13: 2.1 | D13: 1 | E13: 4.8
A14: 10 | B14: 199.8 | C14: 2.6 | D14: 21.2 | E14: 10.6
A15: 11 | B15: 66.1 | C15: 5.8 | D15: 24.2 | E15: 8.6
A16: 12 | B16: 214.7 | C16: 24 | D16: 4 | E16: 17.4
... A204: 200 | B204: 232.1 | C204: 8.6 | D204: 8.7 | E204: 13.4

Sheet Working_Data
A1: Working Data | Auditable Analytical Dataset
A2: Analysis-ready fields calculated from the source data.
A4: market_number | B4: tv_ads | C4: social_media_ads | D4: print_ads | E4: sales | F4: total_ads | G4: TV spend share | H4: Social media spend share | I4: Print spend share | J4: Sales / total ad spend | K4: TV z-score | L4: Social media z-score | M4: Print z-score | N4: Sales z-score | O4: Total ad spend z-score | P4: TV IQR flag | Q4: social_outlier_iqr | R4: Print IQR flag | S4: Sales IQR flag | T4: Row review status
A5: =Raw_Data!A5 | B5: =Raw_Data!B5 | C5: =Raw_Data!C5 | D5: =Raw_Data!D5 | E5: =Raw_Data!E5 | F5: =SUM(B5:D5) | G5: =IFERROR(B5/F5,0) | H5: =IFERROR(C5/F5,0) | I5: =IFERROR(D5/F5,0) | J5: =IFERROR(E5/F5,0) | K5: =IFERROR((B5-AVERAGE($B$5:$B$204))/STDEV($B$5:$B$204),0) | L5: =IFERROR((C5-AVERAGE($C$5:$C$204))/STDEV($C$5:$C$204),0) | M5: =IFERROR((D5-AVERAGE($D$5:$D$204))/STDEV($D$5:$D$204),0) | N5: =IFERROR((E5-AVERAGE($E$5:$E$204))/STDEV($E$5:$E$204),0) | O5: =IFERROR((F5-AVERAGE($F$5:$F$204))/STDEV($F$5:$F$204),0) | P5: =IF(OR(B5<QUARTILE($B$5:$B$204,1)-1.5*(QUARTILE($B$5:$B$204,3)-QUARTILE($B$5:$B$204,1)),B5>QUARTILE($B$5:$B$204,3)+1.5*(QUARTILE($B$5:$B$204,3)-QUARTILE($B$5:$B$204,1))),"Review","Within range") | Q5: =IF(OR(C5<QUARTILE($C$5:$C$204,1)-1.5*(QUARTILE($C$5:$C$204,3)-QUARTILE($C$5:$C$204,1)),C5>QUARTILE($C$5:$C$204,3)+1.5*(QUARTILE($C$5:$C$204,3)-QUARTILE($C$5:$C$204,1))),"Review","Within range") | R5: =IF(OR(D5<QUARTILE($D$5:$D$204,1)-1.5*(QUARTILE($D$5:$D$204,3)-QUARTILE($D$5:$D$204,1)),D5>QUARTILE($D$5:$D$204,3)+1.5*(QUARTILE($D$5:$D$204,3)-QUARTILE($D$5:$D$204,1))),"Review","Within range") | S5: =IF(OR(E5<QUARTILE($E$5:$E$204,1)-1.5*(QUARTILE($E$5:$E$204,3)-QUARTILE($E$5:$E$204,1)),E5>QUARTILE($E$5:$E$204,3)+1.5*(QUARTILE($E$5:$E$204,3)-QUARTILE($E$5:$E$204,1))),"Review","Within range") | T5: =IF(COUNTBLANK(A5:E5)>0,"Missing value",IF(COUNTIF(B5:E5,"<0")>0,"Negative value",IF(COUNTIF($A$5:$A$204,A5)>1,"Duplicate market ID",IF(OR(P5="Review",Q5="Review",R5="Review",S5="Review"),"Review outlier","OK"))))
A6: =Raw_Data!A6 | B6: =Raw_Data!B6 | C6: =Raw_Data!C6 | D6: =Raw_Data!D6 | E6: =Raw_Data!E6 | F6: =SUM(B6:D6) | G6: =IFERROR(B6/F6,0) | H6: =IFERROR(C6/F6,0) | I6: =IFERROR(D6/F6,0) | J6: =IFERROR(E6/F6,0) | K6: =IFERROR((B6-AVERAGE($B$5:$B$204))/STDEV($B$5:$B$204),0) | L6: =IFERROR((C6-AVERAGE($C$5:$C$204))/STDEV($C$5:$C$204),0) | M6: =IFERROR((D6-AVERAGE($D$5:$D$204))/STDEV($D$5:$D$204),0) | N6: =IFERROR((E6-AVERAGE($E$5:$E$204))/STDEV($E$5:$E$204),0) | O6: =IFERROR((F6-AVERAGE($F$5:$F$204))/STDEV($F$5:$F$204),0) | P6: =IF(OR(B6<QUARTILE($B$5:$B$204,1)-1.5*(QUARTILE($B$5:$B$204,3)-QUARTILE($B$5:$B$204,1)),B6>QUARTILE($B$5:$B$204,3)+1.5*(QUARTILE($B$5:$B$204,3)-QUARTILE($B$5:$B$204,1))),"Review","Within range") | Q6: =IF(OR(C6<QUARTILE($C$5:$C$204,1)-1.5*(QUARTILE($C$5:$C$204,3)-QUARTILE($C$5:$C$204,1)),C6>QUARTILE($C$5:$C$204,3)+1.5*(QUARTILE($C$5:$C$204,3)-QUARTILE($C$5:$C$204,1))),"Review","Within range") | R6: =IF(OR(D6<QUARTILE($D$5:$D$204,1)-1.5*(QUARTILE($D$5:$D$204,3)-QUARTILE($D$5:$D$204,1)),D6>QUARTILE($D$5:$D$204,3)+1.5*(QUARTILE($D$5:$D$204,3)-QUARTILE($D$5:$D$204,1))),"Review","Within range") | S6: =IF(OR(E6<QUARTILE($E$5:$E$204,1)-1.5*(QUARTILE($E$5:$E$204,3)-QUARTILE($E$5:$E$204,1)),E6>QUARTILE($E$5:$E$204,3)+1.5*(QUARTILE($E$5:$E$204,3)-QUARTILE($E$5:$E$204,1))),"Review","Within range") | T6: =IF(COUNTBLANK(A6:E6)>0,"Missing value",IF(COUNTIF(B6:E6,"<0")>0,"Negative value",IF(COUNTIF($A$5:$A$204,A6)>1,"Duplicate market ID",IF(OR(P6="Review",Q6="Review",R6="Review",S6="Review"),"Review outlier","OK"))))
A7: =Raw_Data!A7 | B7: =Raw_Data!B7 | C7: =Raw_Data!C7 | D7: =Raw_Data!D7 | E7: =Raw_Data!E7 | F7: =SUM(B7:D7) | G7: =IFERROR(B7/F7,0) | H7: =IFERROR(C7/F7,0) | I7: =IFERROR(D7/F7,0) | J7: =IFERROR(E7/F7,0) | K7: =IFERROR((B7-AVERAGE($B$5:$B$204))/STDEV($B$5:$B$204),0) | L7: =IFERROR((C7-AVERAGE($C$5:$C$204))/STDEV($C$5:$C$204),0) | M7: =IFERROR((D7-AVERAGE($D$5:$D$204))/STDEV($D$5:$D$204),0) | N7: =IFERROR((E7-AVERAGE($E$5:$E$204))/STDEV($E$5:$E$204),0) | O7: =IFERROR((F7-AVERAGE($F$5:$F$204))/STDEV($F$5:$F$204),0) | P7: =IF(OR(B7<QUARTILE($B$5:$B$204,1)-1.5*(QUARTILE($B$5:$B$204,3)-QUARTILE($B$5:$B$204,1)),B7>QUARTILE($B$5:$B$204,3)+1.5*(QUARTILE($B$5:$B$204,3)-QUARTILE($B$5:$B$204,1))),"Review","Within range") | Q7: =IF(OR(C7<QUARTILE($C$5:$C$204,1)-1.5*(QUARTILE($C$5:$C$204,3)-QUARTILE($C$5:$C$204,1)),C7>QUARTILE($C$5:$C$204,3)+1.5*(QUARTILE($C$5:$C$204,3)-QUARTILE($C$5:$C$204,1))),"Review","Within range") | R7: =IF(OR(D7<QUARTILE($D$5:$D$204,1)-1.5*(QUARTILE($D$5:$D$204,3)-QUARTILE($D$5:$D$204,1)),D7>QUARTILE($D$5:$D$204,3)+1.5*(QUARTILE($D$5:$D$204,3)-QUARTILE($D$5:$D$204,1))),"Review","Within range") | S7: =IF(OR(E7<QUARTILE($E$5:$E$204,1)-1.5*(QUARTILE($E$5:$E$204,3)-QUARTILE($E$5:$E$204,1)),E7>QUARTILE($E$5:$E$204,3)+1.5*(QUARTILE($E$5:$E$204,3)-QUARTILE($E$5:$E$204,1))),"Review","Within range") | T7: =IF(COUNTBLANK(A7:E7)>0,"Missing value",IF(COUNTIF(B7:E7,"<0")>0,"Negative value",IF(COUNTIF($A$5:$A$204,A7)>1,"Duplicate market ID",IF(OR(P7="Review",Q7="Review",R7="Review",S7="Review"),"Review outlier","OK"))))
A8: =Raw_Data!A8 | B8: =Raw_Data!B8 | C8: =Raw_Data!C8 | D8: =Raw_Data!D8 | E8: =Raw_Data!E8 | F8: =SUM(B8:D8) | G8: =IFERROR(B8/F8,0) | H8: =IFERROR(C8/F8,0) | I8: =IFERROR(D8/F8,0) | J8: =IFERROR(E8/F8,0) | K8: =IFERROR((B8-AVERAGE($B$5:$B$204))/STDEV($B$5:$B$204),0) | L8: =IFERROR((C8-AVERAGE($C$5:$C$204))/STDEV($C$5:$C$204),0) | M8: =IFERROR((D8-AVERAGE($D$5:$D$204))/STDEV($D$5:$D$204),0) | N8: =IFERROR((E8-AVERAGE($E$5:$E$204))/STDEV($E$5:$E$204),0) | O8: =IFERROR((F8-AVERAGE($F$5:$F$204))/STDEV($F$5:$F$204),0) | P8: =IF(OR(B8<QUARTILE($B$5:$B$204,1)-1.5*(QUARTILE($B$5:$B$204,3)-QUARTILE($B$5:$B$204,1)),B8>QUARTILE($B$5:$B$204,3)+1.5*(QUARTILE($B$5:$B$204,3)-QUARTILE($B$5:$B$204,1))),"Review","Within range") | Q8: =IF(OR(C8<QUARTILE($C$5:$C$204,1)-1.5*(QUARTILE($C$5:$C$204,3)-QUARTILE($C$5:$C$204,1)),C8>QUARTILE($C$5:$C$204,3)+1.5*(QUARTILE($C$5:$C$204,3)-QUARTILE($C$5:$C$204,1))),"Review","Within range") | R8: =IF(OR(D8<QUARTILE($D$5:$D$204,1)-1.5*(QUARTILE($D$5:$D$204,3)-QUARTILE($D$5:$D$204,1)),D8>QUARTILE($D$5:$D$204,3)+1.5*(QUARTILE($D$5:$D$204,3)-QUARTILE($D$5:$D$204,1))),"Review","Within range") | S8: =IF(OR(E8<QUARTILE($E$5:$E$204,1)-1.5*(QUARTILE($E$5:$E$204,3)-QUARTILE($E$5:$E$204,1)),E8>QUARTILE($E$5:$E$204,3)+1.5*(QUARTILE($E$5:$E$204,3)-QUARTILE($E$5:$E$204,1))),"Review","Within range") | T8: =IF(COUNTBLANK(A8:E8)>0,"Missing value",IF(COUNTIF(B8:E8,"<0")>0,"Negative value",IF(COUNTIF($A$5:$A$204,A8)>1,"Duplicate market ID",IF(OR(P8="Review",Q8="Review",R8="Review",S8="Review"),"Review outlier","OK"))))
A9: =Raw_Data!A9 | B9: =Raw_Data!B9 | C9: =Raw_Data!C9 | D9: =Raw_Data!D9 | E9: =Raw_Data!E9 | F9: =SUM(B9:D9) | G9: =IFERROR(B9/F9,0) | H9: =IFERROR(C9/F9,0) | I9: =IFERROR(D9/F9,0) | J9: =IFERROR(E9/F9,0) | K9: =IFERROR((B9-AVERAGE($B$5:$B$204))/STDEV($B$5:$B$204),0) | L9: =IFERROR((C9-AVERAGE($C$5:$C$204))/STDEV($C$5:$C$204),0) | M9: =IFERROR((D9-AVERAGE($D$5:$D$204))/STDEV($D$5:$D$204),0) | N9: =IFERROR((E9-AVERAGE($E$5:$E$204))/STDEV($E$5:$E$204),0) | O9: =IFERROR((F9-AVERAGE($F$5:$F$204))/STDEV($F$5:$F$204),0) | P9: =IF(OR(B9<QUARTILE($B$5:$B$204,1)-1.5*(QUARTILE($B$5:$B$204,3)-QUARTILE($B$5:$B$204,1)),B9>QUARTILE($B$5:$B$204,3)+1.5*(QUARTILE($B$5:$B$204,3)-QUARTILE($B$5:$B$204,1))),"Review","Within range") | Q9: =IF(OR(C9<QUARTILE($C$5:$C$204,1)-1.5*(QUARTILE($C$5:$C$204,3)-QUARTILE($C$5:$C$204,1)),C9>QUARTILE($C$5:$C$204,3)+1.5*(QUARTILE($C$5:$C$204,3)-QUARTILE($C$5:$C$204,1))),"Review","Within range") | R9: =IF(OR(D9<QUARTILE($D$5:$D$204,1)-1.5*(QUARTILE($D$5:$D$204,3)-QUARTILE($D$5:$D$204,1)),D9>QUARTILE($D$5:$D$204,3)+1.5*(QUARTILE($D$5:$D$204,3)-QUARTILE($D$5:$D$204,1))),"Review","Within range") | S9: =IF(OR(E9<QUARTILE($E$5:$E$204,1)-1.5*(QUARTILE($E$5:$E$204,3)-QUARTILE($E$5:$E$204,1)),E9>QUARTILE($E$5:$E$204,3)+1.5*(QUARTILE($E$5:$E$204,3)-QUARTILE($E$5:$E$204,1))),"Review","Within range") | T9: =IF(COUNTBLANK(A9:E9)>0,"Missing value",IF(COUNTIF(B9:E9,"<0")>0,"Negative value",IF(COUNTIF($A$5:$A$204,A9)>1,"Duplicate market ID",IF(OR(P9="Review",Q9="Review",R9="Review",S9="Review"),"Review outlier","OK"))))
A10: =Raw_Data!A10 | B10: =Raw_Data!B10 | C10: =Raw_Data!C10 | D10: =Raw_Data!D10 | E10: =Raw_Data!E10 | F10: =SUM(B10:D10) | G10: =IFERROR(B10/F10,0) | H10: =IFERROR(C10/F10,0) | I10: =IFERROR(D10/F10,0) | J10: =IFERROR(E10/F10,0) | K10: =IFERROR((B10-AVERAGE($B$5:$B$204))/STDEV($B$5:$B$204),0) | L10: =IFERROR((C10-AVERAGE($C$5:$C$204))/STDEV($C$5:$C$204),0) | M10: =IFERROR((D10-AVERAGE($D$5:$D$204))/STDEV($D$5:$D$204),0) | N10: =IFERROR((E10-AVERAGE($E$5:$E$204))/STDEV($E$5:$E$204),0) | O10: =IFERROR((F10-AVERAGE($F$5:$F$204))/STDEV($F$5:$F$204),0) | P10: =IF(OR(B10<QUARTILE($B$5:$B$204,1)-1.5*(QUARTILE($B$5:$B$204,3)-QUARTILE($B$5:$B$204,1)),B10>QUARTILE($B$5:$B$204,3)+1.5*(QUARTILE($B$5:$B$204,3)-QUARTILE($B$5:$B$204,1))),"Review","Within range") | Q10: =IF(OR(C10<QUARTILE($C$5:$C$204,1)-1.5*(QUARTILE($C$5:$C$204,3)-QUARTILE($C$5:$C$204,1)),C10>QUARTILE($C$5:$C$204,3)+1.5*(QUARTILE($C$5:$C$204,3)-QUARTILE($C$5:$C$204,1))),"Review","Within range") | R10: =IF(OR(D10<QUARTILE($D$5:$D$204,1)-1.5*(QUARTILE($D$5:$D$204,3)-QUARTILE($D$5:$D$204,1)),D10>QUARTILE($D$5:$D$204,3)+1.5*(QUARTILE($D$5:$D$204,3)-QUARTILE($D$5:$D$204,1))),"Review","Within range") | S10: =IF(OR(E10<QUARTILE($E$5:$E$204,1)-1.5*(QUARTILE($E$5:$E$204,3)-QUARTILE($E$5:$E$204,1)),E10>QUARTILE($E$5:$E$204,3)+1.5*(QUARTILE($E$5:$E$204,3)-QUARTILE($E$5:$E$204,1))),"Review","Within range") | T10: =IF(COUNTBLANK(A10:E10)>0,"Missing value",IF(COUNTIF(B10:E10,"<0")>0,"Negative value",IF(COUNTIF($A$5:$A$204,A10)>1,"Duplicate market ID",IF(OR(P10="Review",Q10="Review",R10="Review",S10="Review"),"Review outlier","OK"))))
A11: =Raw_Data!A11 | B11: =Raw_Data!B11 | C11: =Raw_Data!C11 | D11: =Raw_Data!D11 | E11: =Raw_Data!E11 | F11: =SUM(B11:D11) | G11: =IFERROR(B11/F11,0) | H11: =IFERROR(C11/F11,0) | I11: =IFERROR(D11/F11,0) | J11: =IFERROR(E11/F11,0) | K11: =IFERROR((B11-AVERAGE($B$5:$B$204))/STDEV($B$5:$B$204),0) | L11: =IFERROR((C11-AVERAGE($C$5:$C$204))/STDEV($C$5:$C$204),0) | M11: =IFERROR((D11-AVERAGE($D$5:$D$204))/STDEV($D$5:$D$204),0) | N11: =IFERROR((E11-AVERAGE($E$5:$E$204))/STDEV($E$5:$E$204),0) | O11: =IFERROR((F11-AVERAGE($F$5:$F$204))/STDEV($F$5:$F$204),0) | P11: =IF(OR(B11<QUARTILE($B$5:$B$204,1)-1.5*(QUARTILE($B$5:$B$204,3)-QUARTILE($B$5:$B$204,1)),B11>QUARTILE($B$5:$B$204,3)+1.5*(QUARTILE($B$5:$B$204,3)-QUARTILE($B$5:$B$204,1))),"Review","Within range") | Q11: =IF(OR(C11<QUARTILE($C$5:$C$204,1)-1.5*(QUARTILE($C$5:$C$204,3)-QUARTILE($C$5:$C$204,1)),C11>QUARTILE($C$5:$C$204,3)+1.5*(QUARTILE($C$5:$C$204,3)-QUARTILE($C$5:$C$204,1))),"Review","Within range") | R11: =IF(OR(D11<QUARTILE($D$5:$D$204,1)-1.5*(QUARTILE($D$5:$D$204,3)-QUARTILE($D$5:$D$204,1)),D11>QUARTILE($D$5:$D$204,3)+1.5*(QUARTILE($D$5:$D$204,3)-QUARTILE($D$5:$D$204,1))),"Review","Within range") | S11: =IF(OR(E11<QUARTILE($E$5:$E$204,1)-1.5*(QUARTILE($E$5:$E$204,3)-QUARTILE($E$5:$E$204,1)),E11>QUARTILE($E$5:$E$204,3)+1.5*(QUARTILE($E$5:$E$204,3)-QUARTILE($E$5:$E$204,1))),"Review","Within range") | T11: =IF(COUNTBLANK(A11:E11)>0,"Missing value",IF(COUNTIF(B11:E11,"<0")>0,"Negative value",IF(COUNTIF($A$5:$A$204,A11)>1,"Duplicate market ID",IF(OR(P11="Review",Q11="Review",R11="Review",S11="Review"),"Review outlier","OK"))))
A12: =Raw_Data!A12 | B12: =Raw_Data!B12 | C12: =Raw_Data!C12 | D12: =Raw_Data!D12 | E12: =Raw_Data!E12 | F12: =SUM(B12:D12) | G12: =IFERROR(B12/F12,0) | H12: =IFERROR(C12/F12,0) | I12: =IFERROR(D12/F12,0) | J12: =IFERROR(E12/F12,0) | K12: =IFERROR((B12-AVERAGE($B$5:$B$204))/STDEV($B$5:$B$204),0) | L12: =IFERROR((C12-AVERAGE($C$5:$C$204))/STDEV($C$5:$C$204),0) | M12: =IFERROR((D12-AVERAGE($D$5:$D$204))/STDEV($D$5:$D$204),0) | N12: =IFERROR((E12-AVERAGE($E$5:$E$204))/STDEV($E$5:$E$204),0) | O12: =IFERROR((F12-AVERAGE($F$5:$F$204))/STDEV($F$5:$F$204),0) | P12: =IF(OR(B12<QUARTILE($B$5:$B$204,1)-1.5*(QUARTILE($B$5:$B$204,3)-QUARTILE($B$5:$B$204,1)),B12>QUARTILE($B$5:$B$204,3)+1.5*(QUARTILE($B$5:$B$204,3)-QUARTILE($B$5:$B$204,1))),"Review","Within range") | Q12: =IF(OR(C12<QUARTILE($C$5:$C$204,1)-1.5*(QUARTILE($C$5:$C$204,3)-QUARTILE($C$5:$C$204,1)),C12>QUARTILE($C$5:$C$204,3)+1.5*(QUARTILE($C$5:$C$204,3)-QUARTILE($C$5:$C$204,1))),"Review","Within range") | R12: =IF(OR(D12<QUARTILE($D$5:$D$204,1)-1.5*(QUARTILE($D$5:$D$204,3)-QUARTILE($D$5:$D$204,1)),D12>QUARTILE($D$5:$D$204,3)+1.5*(QUARTILE($D$5:$D$204,3)-QUARTILE($D$5:$D$204,1))),"Review","Within range") | S12: =IF(OR(E12<QUARTILE($E$5:$E$204,1)-1.5*(QUARTILE($E$5:$E$204,3)-QUARTILE($E$5:$E$204,1)),E12>QUARTILE($E$5:$E$204,3)+1.5*(QUARTILE($E$5:$E$204,3)-QUARTILE($E$5:$E$204,1))),"Review","Within range") | T12: =IF(COUNTBLANK(A12:E12)>0,"Missing value",IF(COUNTIF(B12:E12,"<0")>0,"Negative value",IF(COUNTIF($A$5:$A$204,A12)>1,"Duplicate market ID",IF(OR(P12="Review",Q12="Review",R12="Review",S12="Review"),"Review outlier","OK"))))
A13: =Raw_Data!A13 | B13: =Raw_Data!B13 | C13: =Raw_Data!C13 | D13: =Raw_Data!D13 | E13: =Raw_Data!E13 | F13: =SUM(B13:D13) | G13: =IFERROR(B13/F13,0) | H13: =IFERROR(C13/F13,0) | I13: =IFERROR(D13/F13,0) | J13: =IFERROR(E13/F13,0) | K13: =IFERROR((B13-AVERAGE($B$5:$B$204))/STDEV($B$5:$B$204),0) | L13: =IFERROR((C13-AVERAGE($C$5:$C$204))/STDEV($C$5:$C$204),0) | M13: =IFERROR((D13-AVERAGE($D$5:$D$204))/STDEV($D$5:$D$204),0) | N13: =IFERROR((E13-AVERAGE($E$5:$E$204))/STDEV($E$5:$E$204),0) | O13: =IFERROR((F13-AVERAGE($F$5:$F$204))/STDEV($F$5:$F$204),0) | P13: =IF(OR(B13<QUARTILE($B$5:$B$204,1)-1.5*(QUARTILE($B$5:$B$204,3)-QUARTILE($B$5:$B$204,1)),B13>QUARTILE($B$5:$B$204,3)+1.5*(QUARTILE($B$5:$B$204,3)-QUARTILE($B$5:$B$204,1))),"Review","Within range") | Q13: =IF(OR(C13<QUARTILE($C$5:$C$204,1)-1.5*(QUARTILE($C$5:$C$204,3)-QUARTILE($C$5:$C$204,1)),C13>QUARTILE($C$5:$C$204,3)+1.5*(QUARTILE($C$5:$C$204,3)-QUARTILE($C$5:$C$204,1))),"Review","Within range") | R13: =IF(OR(D13<QUARTILE($D$5:$D$204,1)-1.5*(QUARTILE($D$5:$D$204,3)-QUARTILE($D$5:$D$204,1)),D13>QUARTILE($D$5:$D$204,3)+1.5*(QUARTILE($D$5:$D$204,3)-QUARTILE($D$5:$D$204,1))),"Review","Within range") | S13: =IF(OR(E13<QUARTILE($E$5:$E$204,1)-1.5*(QUARTILE($E$5:$E$204,3)-QUARTILE($E$5:$E$204,1)),E13>QUARTILE($E$5:$E$204,3)+1.5*(QUARTILE($E$5:$E$204,3)-QUARTILE($E$5:$E$204,1))),"Review","Within range") | T13: =IF(COUNTBLANK(A13:E13)>0,"Missing value",IF(COUNTIF(B13:E13,"<0")>0,"Negative value",IF(COUNTIF($A$5:$A$204,A13)>1,"Duplicate market ID",IF(OR(P13="Review",Q13="Review",R13="Review",S13="Review"),"Review outlier","OK"))))
A14: =Raw_Data!A14 | B14: =Raw_Data!B14 | C14: =Raw_Data!C14 | D14: =Raw_Data!D14 | E14: =Raw_Data!E14 | F14: =SUM(B14:D14) | G14: =IFERROR(B14/F14,0) | H14: =IFERROR(C14/F14,0) | I14: =IFERROR(D14/F14,0) | J14: =IFERROR(E14/F14,0) | K14: =IFERROR((B14-AVERAGE($B$5:$B$204))/STDEV($B$5:$B$204),0) | L14: =IFERROR((C14-AVERAGE($C$5:$C$204))/STDEV($C$5:$C$204),0) | M14: =IFERROR((D14-AVERAGE($D$5:$D$204))/STDEV($D$5:$D$204),0) | N14: =IFERROR((E14-AVERAGE($E$5:$E$204))/STDEV($E$5:$E$204),0) | O14: =IFERROR((F14-AVERAGE($F$5:$F$204))/STDEV($F$5:$F$204),0) | P14: =IF(OR(B14<QUARTILE($B$5:$B$204,1)-1.5*(QUARTILE($B$5:$B$204,3)-QUARTILE($B$5:$B$204,1)),B14>QUARTILE($B$5:$B$204,3)+1.5*(QUARTILE($B$5:$B$204,3)-QUARTILE($B$5:$B$204,1))),"Review","Within range") | Q14: =IF(OR(C14<QUARTILE($C$5:$C$204,1)-1.5*(QUARTILE($C$5:$C$204,3)-QUARTILE($C$5:$C$204,1)),C14>QUARTILE($C$5:$C$204,3)+1.5*(QUARTILE($C$5:$C$204,3)-QUARTILE($C$5:$C$204,1))),"Review","Within range") | R14: =IF(OR(D14<QUARTILE($D$5:$D$204,1)-1.5*(QUARTILE($D$5:$D$204,3)-QUARTILE($D$5:$D$204,1)),D14>QUARTILE($D$5:$D$204,3)+1.5*(QUARTILE($D$5:$D$204,3)-QUARTILE($D$5:$D$204,1))),"Review","Within range") | S14: =IF(OR(E14<QUARTILE($E$5:$E$204,1)-1.5*(QUARTILE($E$5:$E$204,3)-QUARTILE($E$5:$E$204,1)),E14>QUARTILE($E$5:$E$204,3)+1.5*(QUARTILE($E$5:$E$204,3)-QUARTILE($E$5:$E$204,1))),"Review","Within range") | T14: =IF(COUNTBLANK(A14:E14)>0,"Missing value",IF(COUNTIF(B14:E14,"<0")>0,"Negative value",IF(COUNTIF($A$5:$A$204,A14)>1,"Duplicate market ID",IF(OR(P14="Review",Q14="Review",R14="Review",S14="Review"),"Review outlier","OK"))))
A15: =Raw_Data!A15 | B15: =Raw_Data!B15 | C15: =Raw_Data!C15 | D15: =Raw_Data!D15 | E15: =Raw_Data!E15 | F15: =SUM(B15:D15) | G15: =IFERROR(B15/F15,0) | H15: =IFERROR(C15/F15,0) | I15: =IFERROR(D15/F15,0) | J15: =IFERROR(E15/F15,0) | K15: =IFERROR((B15-AVERAGE($B$5:$B$204))/STDEV($B$5:$B$204),0) | L15: =IFERROR((C15-AVERAGE($C$5:$C$204))/STDEV($C$5:$C$204),0) | M15: =IFERROR((D15-AVERAGE($D$5:$D$204))/STDEV($D$5:$D$204),0) | N15: =IFERROR((E15-AVERAGE($E$5:$E$204))/STDEV($E$5:$E$204),0) | O15: =IFERROR((F15-AVERAGE($F$5:$F$204))/STDEV($F$5:$F$204),0) | P15: =IF(OR(B15<QUARTILE($B$5:$B$204,1)-1.5*(QUARTILE($B$5:$B$204,3)-QUARTILE($B$5:$B$204,1)),B15>QUARTILE($B$5:$B$204,3)+1.5*(QUARTILE($B$5:$B$204,3)-QUARTILE($B$5:$B$204,1))),"Review","Within range") | Q15: =IF(OR(C15<QUARTILE($C$5:$C$204,1)-1.5*(QUARTILE($C$5:$C$204,3)-QUARTILE($C$5:$C$204,1)),C15>QUARTILE($C$5:$C$204,3)+1.5*(QUARTILE($C$5:$C$204,3)-QUARTILE($C$5:$C$204,1))),"Review","Within range") | R15: =IF(OR(D15<QUARTILE($D$5:$D$204,1)-1.5*(QUARTILE($D$5:$D$204,3)-QUARTILE($D$5:$D$204,1)),D15>QUARTILE($D$5:$D$204,3)+1.5*(QUARTILE($D$5:$D$204,3)-QUARTILE($D$5:$D$204,1))),"Review","Within range") | S15: =IF(OR(E15<QUARTILE($E$5:$E$204,1)-1.5*(QUARTILE($E$5:$E$204,3)-QUARTILE($E$5:$E$204,1)),E15>QUARTILE($E$5:$E$204,3)+1.5*(QUARTILE($E$5:$E$204,3)-QUARTILE($E$5:$E$204,1))),"Review","Within range") | T15: =IF(COUNTBLANK(A15:E15)>0,"Missing value",IF(COUNTIF(B15:E15,"<0")>0,"Negative value",IF(COUNTIF($A$5:$A$204,A15)>1,"Duplicate market ID",IF(OR(P15="Review",Q15="Review",R15="Review",S15="Review"),"Review outlier","OK"))))
A16: =Raw_Data!A16 | B16: =Raw_Data!B16 | C16: =Raw_Data!C16 | D16: =Raw_Data!D16 | E16: =Raw_Data!E16 | F16: =SUM(B16:D16) | G16: =IFERROR(B16/F16,0) | H16: =IFERROR(C16/F16,0) | I16: =IFERROR(D16/F16,0) | J16: =IFERROR(E16/F16,0) | K16: =IFERROR((B16-AVERAGE($B$5:$B$204))/STDEV($B$5:$B$204),0) | L16: =IFERROR((C16-AVERAGE($C$5:$C$204))/STDEV($C$5:$C$204),0) | M16: =IFERROR((D16-AVERAGE($D$5:$D$204))/STDEV($D$5:$D$204),0) | N16: =IFERROR((E16-AVERAGE($E$5:$E$204))/STDEV($E$5:$E$204),0) | O16: =IFERROR((F16-AVERAGE($F$5:$F$204))/STDEV($F$5:$F$204),0) | P16: =IF(OR(B16<QUARTILE($B$5:$B$204,1)-1.5*(QUARTILE($B$5:$B$204,3)-QUARTILE($B$5:$B$204,1)),B16>QUARTILE($B$5:$B$204,3)+1.5*(QUARTILE($B$5:$B$204,3)-QUARTILE($B$5:$B$204,1))),"Review","Within range") | Q16: =IF(OR(C16<QUARTILE($C$5:$C$204,1)-1.5*(QUARTILE($C$5:$C$204,3)-QUARTILE($C$5:$C$204,1)),C16>QUARTILE($C$5:$C$204,3)+1.5*(QUARTILE($C$5:$C$204,3)-QUARTILE($C$5:$C$204,1))),"Review","Within range") | R16: =IF(OR(D16<QUARTILE($D$5:$D$204,1)-1.5*(QUARTILE($D$5:$D$204,3)-QUARTILE($D$5:$D$204,1)),D16>QUARTILE($D$5:$D$204,3)+1.5*(QUARTILE($D$5:$D$204,3)-QUARTILE($D$5:$D$204,1))),"Review","Within range") | S16: =IF(OR(E16<QUARTILE($E$5:$E$204,1)-1.5*(QUARTILE($E$5:$E$204,3)-QUARTILE($E$5:$E$204,1)),E16>QUARTILE($E$5:$E$204,3)+1.5*(QUARTILE($E$5:$E$204,3)-QUARTILE($E$5:$E$204,1))),"Review","Within range") | T16: =IF(COUNTBLANK(A16:E16)>0,"Missing value",IF(COUNTIF(B16:E16,"<0")>0,"Negative value",IF(COUNTIF($A$5:$A$204,A16)>1,"Duplicate market ID",IF(OR(P16="Review",Q16="Review",R16="Review",S16="Review"),"Review outlier","OK"))))
... A204: =Raw_Data!A204 | B204: =Raw_Data!B204 | C204: =Raw_Data!C204 | D204: =Raw_Data!D204 | E204: =Raw_Data!E204 | F204: =SUM(B204:D204) | G204: =IFERROR(B204/F204,0) | H204: =IFERROR(C204/F204,0) | I204: =IFERROR(D204/F204,0) | J204: =IFERROR(E204/F204,0) | K204: =IFERROR((B204-AVERAGE($B$5:$B$204))/STDEV($B$5:$B$204),0) | L204: =IFERROR((C204-AVERAGE($C$5:$C$204))/STDEV($C$5:$C$204),0) | M204: =IFERROR((D204-AVERAGE($D$5:$D$204))/STDEV($D$5:$D$204),0) | N204: =IFERROR((E204-AVERAGE($E$5:$E$204))/STDEV($E$5:$E$204),0) | O204: =IFERROR((F204-AVERAGE($F$5:$F$204))/STDEV($F$5:$F$204),0) | P204: =IF(OR(B204<QUARTILE($B$5:$B$204,1)-1.5*(QUARTILE($B$5:$B$204,3)-QUARTILE($B$5:$B$204,1)),B204>QUARTILE($B$5:$B$204,3)+1.5*(QUARTILE($B$5:$B$204,3)-QUARTILE($B$5:$B$204,1))),"Review","Within range") | Q204: =IF(OR(C204<QUARTILE($C$5:$C$204,1)-1.5*(QUARTILE($C$5:$C$204,3)-QUARTILE($C$5:$C$204,1)),C204>QUARTILE($C$5:$C$204,3)+1.5*(QUARTILE($C$5:$C$204,3)-QUARTILE($C$5:$C$204,1))),"Review","Within range") | R204: =IF(OR(D204<QUARTILE($D$5:$D$204,1)-1.5*(QUARTILE($D$5:$D$204,3)-QUARTILE($D$5:$D$204,1)),D204>QUARTILE($D$5:$D$204,3)+1.5*(QUARTILE($D$5:$D$204,3)-QUARTILE($D$5:$D$204,1))),"Review","Within range") | S204: =IF(OR(E204<QUARTILE($E$5:$E$204,1)-1.5*(QUARTILE($E$5:$E$204,3)-QUARTILE($E$5:$E$204,1)),E204>QUARTILE($E$5:$E$204,3)+1.5*(QUARTILE($E$5:$E$204,3)-QUARTILE($E$5:$E$204,1))),"Review","Within range") | T204: =IF(COUNTBLANK(A204:E204)>0,"Missing value",IF(COUNTIF(B204:E204,"<0")>0,"Negative value",IF(COUNTIF($A$5:$A$204,A204)>1,"Duplicate market ID",IF(OR(P204="Review",Q204="Review",R204="Review",S204="Review"),"Review outlier","OK"))))

Sheet Data_Quality
A1: Data Quality | Validation & Cleaning Audit
A2: Checks applied to the source data before analysis.
A4: Check | B4: Formula / Result | C4: What it checks | D4: Status
A5: Row count | B5: =COUNTA(Raw_Data!$A$5:$A$204) | C5: Number of source observations. | D5: =IF(B5=200,"PASS","CHECK")
A6: Column count | B6: =COUNTA(Raw_Data!$4:$4) | C6: Number of source fields. | D6: =IF(B6=5,"PASS","CHECK")
A7: Missing source cells | B7: =COUNTBLANK(Raw_Data!$A$5:$E$204) | C7: Blank cells in the source range. | D7: =IF(B7=0,"PASS","CHECK")
A8: Negative advertising/sales values | B8: =COUNTIF(Raw_Data!$B$5:$E$204,"<0") | C8: Negative expenditure or sales values. | D8: =IF(B8=0,"PASS","CHECK")
A9: Duplicate market-ID rows | B9: =SUMPRODUCT(--(COUNTIF(Raw_Data!$A$5:$A$204,Raw_Data!$A$5:$A$204)>1)) | C9: Rows sharing a market ID. | D9: =IF(B9=0,"PASS","CHECK")
A10: Unique market IDs | B10: =SUMPRODUCT(1/COUNTIF(Raw_Data!$A$5:$A$204,Raw_Data!$A$5:$A$204)) | C10: Number of unique market IDs. | D10: =IF(B10=200,"PASS","CHECK")
A11: Zero social-media spend rows | B11: =COUNTIF(Raw_Data!$C$5:$C$204,0) | C11: Markets with zero social media spend. | D11: =IF(B11>=0,"INFO","CHECK")
A12: Print IQR outlier rows | B12: =COUNTIF(Working_Data!$R$5:$R$204,"OUTLIER") | C12: Print advertising observations flagged by the IQR rule. | D12: =IF(B12=0,"None flagged","Review")
A13: Rows requiring review | B13: =COUNTIF(Working_Data!$T$5:$T$204,"<>OK") | C13: Rows flagged for further review. | D13: =IF(B13=0,"None","Review")

Sheet Descriptive_Stats
A1: Descriptive Statistics
A2: Summary statistics for the main variables.
A4: Metric | B4: TV Ads | C4: Social Media Ads | D4: Print Ads | E4: Sales | F4: Total Ads
A5: Count | B5: =COUNT(Working_Data!$B$5:$B$204) | C5: =COUNT(Working_Data!$C$5:$C$204) | D5: =COUNT(Working_Data!$D$5:$D$204) | E5: =COUNT(Working_Data!$E$5:$E$204) | F5: =COUNT(Working_Data!$F$5:$F$204)
A6: Mean | B6: =AVERAGE(Working_Data!$B$5:$B$204) | C6: =AVERAGE(Working_Data!$C$5:$C$204) | D6: =AVERAGE(Working_Data!$D$5:$D$204) | E6: =AVERAGE(Working_Data!$E$5:$E$204) | F6: =AVERAGE(Working_Data!$F$5:$F$204)
A7: Median | B7: =MEDIAN(Working_Data!$B$5:$B$204) | C7: =MEDIAN(Working_Data!$C$5:$C$204) | D7: =MEDIAN(Working_Data!$D$5:$D$204) | E7: =MEDIAN(Working_Data!$E$5:$E$204) | F7: =MEDIAN(Working_Data!$F$5:$F$204)
A8: Std Dev | B8: =STDEV(Working_Data!$B$5:$B$204) | C8: =STDEV(Working_Data!$C$5:$C$204) | D8: =STDEV(Working_Data!$D$5:$D$204) | E8: =STDEV(Working_Data!$E$5:$E$204) | F8: =STDEV(Working_Data!$F$5:$F$204)
A9: Minimum | B9: =MIN(Working_Data!$B$5:$B$204) | C9: =MIN(Working_Data!$C$5:$C$204) | D9: =MIN(Working_Data!$D$5:$D$204) | E9: =MIN(Working_Data!$E$5:$E$204) | F9: =MIN(Working_Data!$F$5:$F$204)
A10: Q1 | B10: =QUARTILE(Working_Data!$B$5:$B$204,1) | C10: =QUARTILE(Working_Data!$C$5:$C$204,1) | D10: =QUARTILE(Working_Data!$D$5:$D$204,1) | E10: =QUARTILE(Working_Data!$E$5:$E$204,1) | F10: =QUARTILE(Working_Data!$F$5:$F$204,1)
A11: Q3 | B11: =QUARTILE(Working_Data!$B$5:$B$204,3) | C11: =QUARTILE(Working_Data!$C$5:$C$204,3) | D11: =QUARTILE(Working_Data!$D$5:$D$204,3) | E11: =QUARTILE(Working_Data!$E$5:$E$204,3) | F11: =QUARTILE(Working_Data!$F$5:$F$204,3)
A12: Maximum | B12: =MAX(Working_Data!$B$5:$B$204) | C12: =MAX(Working_Data!$C$5:$C$204) | D12: =MAX(Working_Data!$D$5:$D$204) | E12: =MAX(Working_Data!$E$5:$E$204) | F12: =MAX(Working_Data!$F$5:$F$204)
A13: IQR | B13: =QUARTILE(Working_Data!$B$5:$B$204,3)-QUARTILE(Working_Data!$B$5:$B$204,1) | C13: =QUARTILE(Working_Data!$C$5:$C$204,3)-QUARTILE(Working_Data!$C$5:$C$204,1) | D13: =QUARTILE(Working_Data!$D$5:$D$204,3)-QUARTILE(Working_Data!$D$5:$D$204,1) | E13: =QUARTILE(Working_Data!$E$5:$E$204,3)-QUARTILE(Working_Data!$E$5:$E$204,1) | F13: =QUARTILE(Working_Data!$F$5:$F$204,3)-QUARTILE(Working_Data!$F$5:$F$204,1)
A14: Coefficient of Variation | B14: =IFERROR(STDEV(Working_Data!$B$5:$B$204)/AVERAGE(Working_Data!$B$5:$B$204),0) | C14: =IFERROR(STDEV(Working_Data!$C$5:$C$204)/AVERAGE(Working_Data!$C$5:$C$204),0) | D14: =IFERROR(STDEV(Working_Data!$D$5:$D$204)/AVERAGE(Working_Data!$D$5:$D$204),0) | E14: =IFERROR(STDEV(Working_Data!$E$5:$E$204)/AVERAGE(Working_Data!$E$5:$E$204),0) | F14: =IFERROR(STDEV(Working_Data!$F$5:$F$204)/AVERAGE(Working_Data!$F$5:$F$204),0)
A15: IQR Outlier Count | B15: =COUNTIF(Working_Data!$P$5:$P$204,"OUTLIER") | C15: =COUNTIF(Working_Data!$Q$5:$Q$204,"OUTLIER") | D15: =COUNTIF(Working_Data!$R$5:$R$204,"OUTLIER") | E15: =COUNTIF(Working_Data!$S$5:$S$204,"OUTLIER") | F15: =COUNTIF(Working_Data!$T$5:$T$204,"REVIEW_OUTLIER")

Sheet Correlation
A1: Pearson Correlation Matrix
A2: Pearson correlation coefficients for the main variables.
A4: Variable | B4: TV Ads | C4: Social Media Ads | D4: Print Ads | E4: Sales
A5: TV Ads | B5: =1 | C5: =CORREL(Working_Data!$B$5:$B$204,Working_Data!$C$5:$C$204) | D5: =CORREL(Working_Data!$B$5:$B$204,Working_Data!$D$5:$D$204) | E5: =CORREL(Working_Data!$B$5:$B$204,Working_Data!$E$5:$E$204)
A6: Social Media Ads | B6: =CORREL(Working_Data!$C$5:$C$204,Working_Data!$B$5:$B$204) | C6: =1 | D6: =CORREL(Working_Data!$C$5:$C$204,Working_Data!$D$5:$D$204) | E6: =CORREL(Working_Data!$C$5:$C$204,Working_Data!$E$5:$E$204)
A7: Print Ads | B7: =CORREL(Working_Data!$D$5:$D$204,Working_Data!$B$5:$B$204) | C7: =CORREL(Working_Data!$D$5:$D$204,Working_Data!$C$5:$C$204) | D7: =1 | E7: =CORREL(Working_Data!$D$5:$D$204,Working_Data!$E$5:$E$204)
A8: Sales | B8: =CORREL(Working_Data!$E$5:$E$204,Working_Data!$B$5:$B$204) | C8: =CORREL(Working_Data!$E$5:$E$204,Working_Data!$C$5:$C$204) | D8: =CORREL(Working_Data!$E$5:$E$204,Working_Data!$D$5:$D$204) | E8: =1
A10: Reading the matrix | B10: Values close to +1 indicate a strong positive linear association; values close to 0 indicate a weaker linear association. Correlation does not establish causation.

Sheet Regression_Model
A1: Multiple Linear Regression | Sales ~ TV + Social Media + Print
A2: Multiple linear regression of sales on advertising expenditure.
A4: Model | B4: sales = intercept + βTV·tv_ads + βSocial·social_media_ads + βPrint·print_ads
A6: Term | B6: Coefficient | C6: Std. Error | D6: t Statistic | E6: p Value | F6: 95% CI Low | G6: 95% CI High | H6: Interpretation
A7: TV Ads | B7: =INDEX(LINEST(Working_Data!$E$5:$E$204,Working_Data!$B$5:$D$204,TRUE,TRUE),1,3) | C7: =INDEX(LINEST(Working_Data!$E$5:$E$204,Working_Data!$B$5:$D$204,TRUE,TRUE),2,3) | D7: =B7/C7 | E7: =TDIST(ABS(D7),$B$15,2) | F7: =B7-TINV(0.05,$B$15)*C7 | G7: =B7+TINV(0.05,$B$15)*C7 | H7: Incremental association holding the other model predictors constant.
A8: Social Media Ads | B8: =INDEX(LINEST(Working_Data!$E$5:$E$204,Working_Data!$B$5:$D$204,TRUE,TRUE),1,2) | C8: =INDEX(LINEST(Working_Data!$E$5:$E$204,Working_Data!$B$5:$D$204,TRUE,TRUE),2,2) | D8: =B8/C8 | E8: =TDIST(ABS(D8),$B$15,2) | F8: =B8-TINV(0.05,$B$15)*C8 | G8: =B8+TINV(0.05,$B$15)*C8 | H8: Incremental association holding the other model predictors constant.
A9: Print Ads | B9: =INDEX(LINEST(Working_Data!$E$5:$E$204,Working_Data!$B$5:$D$204,TRUE,TRUE),1,1) | C9: =INDEX(LINEST(Working_Data!$E$5:$E$204,Working_Data!$B$5:$D$204,TRUE,TRUE),2,1) | D9: =B9/C9 | E9: =TDIST(ABS(D9),$B$15,2) | F9: =B9-TINV(0.05,$B$15)*C9 | G9: =B9+TINV(0.05,$B$15)*C9 | H9: Incremental association holding the other model predictors constant.
A10: Intercept | B10: =INDEX(LINEST(Working_Data!$E$5:$E$204,Working_Data!$B$5:$D$204,TRUE,TRUE),1,4) | C10: =INDEX(LINEST(Working_Data!$E$5:$E$204,Working_Data!$B$5:$D$204,TRUE,TRUE),2,4) | D10: =B10/C10 | E10: =TDIST(ABS(D10),$B$15,2) | F10: =B10-TINV(0.05,$B$15)*C10 | G10: =B10+TINV(0.05,$B$15)*C10 | H10: Baseline model intercept.
A12: Model Summary
A13: Observations | B13: =COUNT(Working_Data!$E$5:$E$204) | E13: How to read the model
A14: Predictors (k) | B14: =3 | E14: Coefficients show the estimated change in sales associated with a one-unit change in a channel while the other channels are held constant. R² describes the share of observed sales variation explained by the fitted model.
A15: Residual degrees of freedom | B15: =B13-B14
A16: R-squared | B16: =INDEX(LINEST(Working_Data!$E$5:$E$204,Working_Data!$B$5:$D$204,TRUE,TRUE),3,1)
A17: Adjusted R-squared | B17: =1-(1-B16)*(B13-1)/B15
A18: F Statistic | B18: =INDEX(LINEST(Working_Data!$E$5:$E$204,Working_Data!$B$5:$D$204,TRUE,TRUE),4,1)
A19: Model p Value | B19: =FDIST(B18,B14,B15)
A20: Standard Error of Estimate | B20: =INDEX(LINEST(Working_Data!$E$5:$E$204,Working_Data!$B$5:$D$204,TRUE,TRUE),3,2) | E20: Formula check
E21: Model statistics are calculated with Excel functions. Select a result cell to view the underlying formula.

Sheet Outlier_Review
A1: Outlier Review | No Automatic Deletion
A2: Observations flagged for review using the IQR rule.
A4: Market | B4: TV Ads | C4: Social Media Ads | D4: Print Ads | E4: Sales | F4: TV Flag | G4: Social Media Flag | H4: Print Flag | I4: Sales Flag | J4: Review Status | L4: Review note
A5: =Working_Data!A5 | B5: =Working_Data!B5 | C5: =Working_Data!C5 | D5: =Working_Data!D5 | E5: =Working_Data!E5 | F5: =Working_Data!P5 | G5: =Working_Data!Q5 | H5: =Working_Data!R5 | I5: =Working_Data!S5 | J5: =Working_Data!T5 | L5: Use the Review Status filter to isolate records requiring attention.
A6: =Working_Data!A6 | B6: =Working_Data!B6 | C6: =Working_Data!C6 | D6: =Working_Data!D6 | E6: =Working_Data!E6 | F6: =Working_Data!P6 | G6: =Working_Data!Q6 | H6: =Working_Data!R6 | I6: =Working_Data!S6 | J6: =Working_Data!T6
A7: =Working_Data!A7 | B7: =Working_Data!B7 | C7: =Working_Data!C7 | D7: =Working_Data!D7 | E7: =Working_Data!E7 | F7: =Working_Data!P7 | G7: =Working_Data!Q7 | H7: =Working_Data!R7 | I7: =Working_Data!S7 | J7: =Working_Data!T7
A8: =Working_Data!A8 | B8: =Working_Data!B8 | C8: =Working_Data!C8 | D8: =Working_Data!D8 | E8: =Working_Data!E8 | F8: =Working_Data!P8 | G8: =Working_Data!Q8 | H8: =Working_Data!R8 | I8: =Working_Data!S8 | J8: =Working_Data!T8
A9: =Working_Data!A9 | B9: =Working_Data!B9 | C9: =Working_Data!C9 | D9: =Working_Data!D9 | E9: =Working_Data!E9 | F9: =Working_Data!P9 | G9: =Working_Data!Q9 | H9: =Working_Data!R9 | I9: =Working_Data!S9 | J9: =Working_Data!T9
A10: =Working_Data!A10 | B10: =Working_Data!B10 | C10: =Working_Data!C10 | D10: =Working_Data!D10 | E10: =Working_Data!E10 | F10: =Working_Data!P10 | G10: =Working_Data!Q10 | H10: =Working_Data!R10 | I10: =Working_Data!S10 | J10: =Working_Data!T10
A11: =Working_Data!A11 | B11: =Working_Data!B11 | C11: =Working_Data!C11 | D11: =Working_Data!D11 | E11: =Working_Data!E11 | F11: =Working_Data!P11 | G11: =Working_Data!Q11 | H11: =Working_Data!R11 | I11: =Working_Data!S11 | J11: =Working_Data!T11
A12: =Working_Data!A12 | B12: =Working_Data!B12 | C12: =Working_Data!C12 | D12: =Working_Data!D12 | E12: =Working_Data!E12 | F12: =Working_Data!P12 | G12: =Working_Data!Q12 | H12: =Working_Data!R12 | I12: =Working_Data!S12 | J12: =Working_Data!T12
A13: =Working_Data!A13 | B13: =Working_Data!B13 | C13: =Working_Data!C13 | D13: =Working_Data!D13 | E13: =Working_Data!E13 | F13: =Working_Data!P13 | G13: =Working_Data!Q13 | H13: =Working_Data!R13 | I13: =Working_Data!S13 | J13: =Working_Data!T13
A14: =Working_Data!A14 | B14: =Working_Data!B14 | C14: =Working_Data!C14 | D14: =Working_Data!D14 | E14: =Working_Data!E14 | F14: =Working_Data!P14 | G14: =Working_Data!Q14 | H14: =Working_Data!R14 | I14: =Working_Data!S14 | J14: =Working_Data!T14
A15: =Working_Data!A15 | B15: =Working_Data!B15 | C15: =Working_Data!C15 | D15: =Working_Data!D15 | E15: =Working_Data!E15 | F15: =Working_Data!P15 | G15: =Working_Data!Q15 | H15: =Working_Data!R15 | I15: =Working_Data!S15 | J15: =Working_Data!T15
A16: =Working_Data!A16 | B16: =Working_Data!B16 | C16: =Working_Data!C16 | D16: =Working_Data!D16 | E16: =Working_Data!E16 | F16: =Working_Data!P16 | G16: =Working_Data!Q16 | H16: =Working_Data!R16 | I16: =Working_Data!S16 | J16: =Working_Data!T16
A17: =Working_Data!A17 | B17: =Working_Data!B17 | C17: =Working_Data!C17 | D17: =Working_Data!D17 | E17: =Working_Data!E17 | F17: =Working_Data!P17 | G17: =Working_Data!Q17 | H17: =Working_Data!R17 | I17: =Working_Data!S17 | J17: =Working_Data!T17
... A204: =Working_Data!A204 | B204: =Working_Data!B204 | C204: =Working_Data!C204 | D204: =Working_Data!D204 | E204: =Working_Data!E204 | F204: =Working_Data!P204 | G204: =Working_Data!Q204 | H204: =Working_Data!R204 | I204: =Working_Data!S204 | J204: =Working_Data!T204

Sheet Analysis_Summary
A1: NEXA Dataset | Executive Analytical Snapshot
A2: Key statistical results and initial analytical views.
A4: Data Quality | D4: Core Statistical Outputs
A5: Observations | B5: =Data_Quality!B5 | D5: TV ↔ Sales correlation | E5: =Correlation!E5
A6: Source columns | B6: =Data_Quality!B6 | D6: Social ↔ Sales correlation | E6: =Correlation!E6
A7: Missing cells | B7: =Data_Quality!B7 | D7: Print ↔ Sales correlation | E7: =Correlation!E7
A8: Negative values | B8: =Data_Quality!B8 | D8: Multiple-regression R² | E8: =Regression_Model!B16
A9: Duplicate-ID rows | B9: =Data_Quality!B9 | D9: Adjusted R² | E9: =Regression_Model!B17
A10: Rows requiring review | B10: =Data_Quality!B13 | D10: Regression F statistic | E10: =Regression_Model!B18
D11: Model p value | E11: =Regression_Model!B19
A13: Analyst notes
A14: 1. The source data is retained separately from calculated fields.
A15: 2. Calculated fields are used for spend totals, channel shares, standardised values and review flags.
A16: 3. Records flagged as outliers remain in the dataset and should be investigated before any modelling decision.
A17: 4. Customer purchase factors and market/macroeconomic trends are outside the supplied dataset and require separate research.
A18: 5. Statistical association should not be presented as causal impact without additional evidence.
A19: 6. Correlation and regression describe statistical association. They should not be presented as causal proof without a stronger identification strategy.

Sheet Data_Dictionary
A1: Data Dictionary | Source + Derived Fields
A2: Definitions of source and calculated fields.
A4: Field | B4: Type | C4: Calculation / source | D4: Definition
A5: market_number | B5: Source | C5: Supplied in CSV | D5: Market identifier.
A6: tv_ads | B6: Source | C6: Supplied in CSV | D6: Television advertising expenditure, in thousand dollars.
A7: social_media_ads | B7: Source | C7: Supplied in CSV | D7: Social media advertising expenditure, in thousand dollars.
A8: print_ads | B8: Source | C8: Supplied in CSV | D8: Print advertising expenditure, in thousand dollars.
A9: sales | B9: Source | C9: Supplied in CSV | D9: NEXA One sales, in thousand units.
A10: total_ads | B10: Calculated | C10: SUM(tv_ads, social_media_ads, print_ads) | D10: Total advertising expenditure across the three channels.
A11: tv_share | B11: Calculated | C11: tv_ads / total_ads | D11: TV share of total advertising expenditure.
A12: social_share | B12: Calculated | C12: social_media_ads / total_ads | D12: Social media share of total advertising expenditure.
A13: print_share | B13: Calculated | C13: print_ads / total_ads | D13: Print share of total advertising expenditure.
A14: sales_per_total_ad | B14: Calculated | C14: sales / total_ads | D14: Sales relative to total advertising expenditure. This is a descriptive ratio, not a causal ROI estimate.
A15: tv_z | B15: Calculated | C15: (tv_ads - mean) / sample standard deviation | D15: Standardised TV advertising expenditure.
... A24: row_quality_status | B24: Calculated | C24: Validation checks | D24: Summarises missing values, negative values, duplicate IDs and outlier flags for each row.
